BenchName,Average,Median,CI,CIoverAVG
TwoBytes,187.36,184.59,4.13,0.022027979887449693
HundredBytes,189.70,184.02,9.37,0.04938383149385843
ThousandBytes,183.78,181.69,4.37,0.023785001508373982
TenThousandBytes,182.33,180.94,3.65,0.020009691310458374
HundredThousandBytes,193.64,179.93,23.74,0.12261092931699365
MegaBytes,189.34,184.78,5.54,0.029258998320437844
BigTraceBytes,184.75,182.21,4.21,0.022809954497674943
SmallTraceBytes,187.09,182.35,4.96,0.026508747975553297
TinyTraceBytes,178.76,178.38,2.58,0.01445945491067505
