BenchName,Average,Median,CI,CIoverAVG
TwoBytes,29.63,27.24,3.66,0.12362076822463977
HundredBytes,28.62,25.12,3.03,0.10573344664274686
ThousandBytes,28.25,26.63,3.02,0.10702584018482157
TenThousandBytes,27.94,24.71,3.24,0.11604159383207184
HundredThousandBytes,29.52,26.83,3.10,0.1050134818922061
MegaBytes,32.10,31.19,1.59,0.04943635259857432
BigTraceBytes,26.71,25.83,1.04,0.03877561506971828
SmallTraceBytes,26.74,25.84,1.31,0.04917148916098545
TinyTraceBytes,27.05,25.31,2.04,0.07545906217349957
