BenchName,Average,Median,CI,CIoverAVG
TwoBytes,35.35,32.92,3.16,0.08948929790130844
HundredBytes,31.15,30.30,2.15,0.06910188432047548
ThousandBytes,31.33,29.30,2.44,0.07783970191149286
TenThousandBytes,28.03,27.17,1.50,0.05341547940533429
HundredThousandBytes,30.16,28.31,2.64,0.0876824999528143
MegaBytes,36.01,33.42,3.41,0.09466556934335144
BigTraceBytes,27.73,26.38,1.83,0.06588550827166205
SmallTraceBytes,28.67,26.43,4.59,0.16000884946335373
TinyTraceBytes,25.75,25.36,1.19,0.04610935052002048
