BenchName,Average,Median,CI,CIoverAVG
TwoBytes,31.66,30.73,1.61,0.05070261854416771
HundredBytes,30.04,30.02,0.98,0.032617158969550676
ThousandBytes,29.83,29.32,1.35,0.045294865272436424
TenThousandBytes,32.14,28.32,4.39,0.13652825788731185
HundredThousandBytes,29.67,29.14,1.26,0.04243235785036916
MegaBytes,33.74,33.58,1.28,0.03788037160514148
BigTraceBytes,30.93,29.33,2.57,0.08310981283485183
SmallTraceBytes,27.83,27.44,1.17,0.04214669150772652
TinyTraceBytes,29.40,28.20,3.50,0.11920885035457876
