BenchName,Average,Median,CI,CIoverAVG
TwoBytes,28.92,27.85,1.98,0.06830749307563168
HundredBytes,28.97,28.47,1.46,0.05045335305116328
ThousandBytes,28.79,28.05,1.92,0.06653918970894106
TenThousandBytes,26.28,26.23,0.99,0.03782032214275545
HundredThousandBytes,27.28,26.42,1.44,0.05292474632155743
MegaBytes,33.66,32.83,2.24,0.0664088719248898
BigTraceBytes,26.60,25.23,1.45,0.05457796043215803
SmallTraceBytes,26.80,26.48,1.43,0.05338286694423742
TinyTraceBytes,25.79,25.75,1.67,0.06481959630581573
