BenchName,Average,Median,CI,CIoverAVG
TwoBytes,31.54,30.62,2.81,0.08898170981151036
HundredBytes,30.08,28.82,1.81,0.06020192582312519
ThousandBytes,30.46,29.85,2.26,0.07416933678537009
TenThousandBytes,29.71,29.75,1.66,0.05571184687715117
HundredThousandBytes,30.31,29.83,1.57,0.05167332744336221
MegaBytes,38.36,34.90,4.94,0.12882846824241354
BigTraceBytes,30.85,29.50,2.89,0.09375190509626215
SmallTraceBytes,29.40,28.29,1.77,0.06033619098478669
TinyTraceBytes,28.03,27.75,1.06,0.037826608267637875
