BenchName,Average,Median,CI,CIoverAVG
TwoBytes,33.64,32.82,1.04,0.03080556063331281
HundredBytes,32.19,31.08,1.71,0.05309393873023838
ThousandBytes,31.13,30.04,1.64,0.052592501289963
TenThousandBytes,29.79,29.27,1.95,0.06555124463856682
HundredThousandBytes,29.95,30.04,1.03,0.034493227924958854
MegaBytes,36.31,34.13,4.39,0.12101951760234052
BigTraceBytes,30.45,29.00,2.03,0.06653532223103871
SmallTraceBytes,28.08,27.59,1.08,0.038561911003423856
TinyTraceBytes,27.62,27.59,1.03,0.03716861783200893
