BenchName,Average,Median,CI,CIoverAVG
TwoBytes,33.75,32.51,2.67,0.079176764007094
HundredBytes,31.89,30.85,1.82,0.05721677196703448
ThousandBytes,29.40,27.85,2.95,0.10047402844571988
TenThousandBytes,28.72,29.04,1.30,0.04534317597065879
HundredThousandBytes,29.17,28.37,1.41,0.04849625645565923
MegaBytes,36.77,32.33,5.15,0.14011929828722325
BigTraceBytes,27.77,26.49,1.44,0.05196960843061848
SmallTraceBytes,29.43,27.81,2.32,0.07896132457223588
TinyTraceBytes,26.25,25.28,1.42,0.053935008043614355
