BenchName,Average,Median,CI,CIoverAVG
TwoBytes,25.83,23.95,1.86,0.07185320555378305
HundredBytes,26.51,24.80,2.49,0.09381055593861756
ThousandBytes,26.95,24.06,3.02,0.11190441014558093
TenThousandBytes,24.28,22.83,1.19,0.04895338201311243
HundredThousandBytes,27.40,25.17,1.76,0.06414209859119402
MegaBytes,34.04,30.37,4.24,0.12453368793825573
BigTraceBytes,28.06,23.90,4.39,0.1566004212587633
SmallTraceBytes,25.14,24.40,1.37,0.05440078593683936
TinyTraceBytes,25.39,23.90,1.48,0.058293093480772336
