BenchName,Average,Median,CI,CIoverAVG
TwoBytes,35.18,33.52,2.49,0.07089759176472057
HundredBytes,33.22,31.28,1.93,0.0580714309900654
ThousandBytes,28.38,28.23,1.54,0.05442476284876014
TenThousandBytes,29.66,29.05,1.52,0.051208147277969
HundredThousandBytes,29.04,28.91,1.28,0.043980732470806645
MegaBytes,38.11,34.15,7.61,0.19975295656163877
BigTraceBytes,28.66,27.40,1.58,0.05498604159981746
SmallTraceBytes,26.34,26.20,0.83,0.031698352279933555
TinyTraceBytes,26.66,26.47,1.37,0.051414812690249244
